Start time,End time,Language code,Confidence,Channel,Speaker tag,Transcript
0.000,59.900,es-us,0.80361,,,"Bienvenidos a una sesión más, eh, otra vez para entrar en contexto, que estamos haciendo es tenemos esta este grafo que tiene información de servidores Hay unos que son atacantes otros que son víctimas La idea, es crear es un sistema de ataque y defensa que funcione con Inteligencia artificial la forma en la que modelamos el problema fue con grafos más, porque era el tema que queremos aprender y en sesiones anteriores, ya hemos visto las características del grafo, eh? La parte que Lo componen algunas que otras operaciones y estábamos entrando en la parte de los embebidos que es básicamente transformar la información que aparece en un grafo en un espacio vectorial es cómo aparece en la imagen acá aparece el grafo y cada uno de los nodos que existen dentro de"
59.000,118.800,es-us,0.66725,,,"Ha sido una representación en ese espacio de vida, una representación vectorial que es un nombre la forma en la que también lo hemos entendido Ya muchas veces acierto en este ejercicio the work of vector que son palabras que también se le hace una representación vectorial y se encuentra ordenado entonces la palabra King es rey, podría estar cerca de la palabra mente que es hombre, porque ambos referencian al género masculino pero de pronto también King tiene sentido que esté en cierta medida cerca a Queen porque quizás genera una una representación de jerarquía en un reino o algo así se ordena esa información acá pasa algo parecido. Escogemos los nodos a través de un algoritmo dos hemos estudiado lo que se llama igual tú vector lo que hacemos es encontrar esa representación vectorial."
118.900,134.800,es-us,0.83433,,,"Y para recapitular decisiones anteriores, Cómo se hace eso, eh? Se hacía con algo que se llama Random Walk que es empiezo a caminar en ese grafo salto de un nodo a otro Santo vino a otro y empezó a encontrar algo que se llama."
179.000,238.800,es-us,,,,"Que es otra forma de de referencia a los nodos Pero entonces la similaridad que tendría este nodo y con este nuevo j, y lo que yo quiero hacer es que esa similar ya sea muy parecida, o sea, equivalente como aparece aquí aquí abajo, si se dan cuenta de esta fórmula a la que aparecería en el espacio vectorial donde tengo Z y que representa que sería la representación de pi y tengo Z J que representaría la de Entonces al hacer es algo ir borrando Walk hacerlo con cada uno de los nuevos como el punto de inicio empezó a encontrar Cuáles son los nodos que están cerca a ese nodo Y a partir de esa similitud matemática, Eh busco reducir ese error Se podría decir por aquí de hecho, eh, En este video, les van explica un poco cómo funciona que que cada uno de los los tendría una representación vectorial, qué dimensión tiene esa representación vectorial la que yo desee eso es un hipermetropía."
238.900,298.800,es-us,0.69852,,,"Dimensiones y coordinaciones 70 dimensiones 1500 dimensiones eso es algo que yo defino Con qué propósito fundó uno Escoge la dimensión con que sea lo suficientemente buena para representar la información correctamente si colocó una dimensión muy grande los puntos que eran muy alejados entre sí Y si la película anteriormente no encuentra nada porque está muy lejos si encuentro si colocó una dimensión muy pequeña los puntos van a estar muy aglomerados muy pegados muy muy pegados y va a pasar algo parecido van a estar tan pegados que no voy a encontrar un patrón definido en las tareas que yo vaya a hacer como la que vamos a hacer hoy que es encontrar comunidades em entonces acá el explicar lo que les comentaba que se empieza a hacer como un Random White saltar de aquí allá saltar de aquí allá para encontrar la similitud pero también encuentro la similitud a través de, eh, en ese espacio vectorial defino puntos aleatorios que representan cada uno de los dos cálculo."
299.000,358.200,es-us,,,,"Cuál es esa similitud a través del coseno y lo que yo quiero es empezar a ajustar esos puntos que representan los vectores que representan los nodos Perdón empezar a moverlos en ese espacio vectorial cosa que la similitud o que esa ese valor de similitud que se encuentra en en el que ocurre usted el rango sea muy muy muy parecida a esa similitud que yo calcularía con ese coseno entre los dos puntos y ese es el error, que yo quiero ver disminuir Ese es el error, que yo Quiero bajar lo más posible y esa es la fórmula que aparece aquí eso está en palabras burdas. Eso es lo que se dice, pero al final pues Estos son también se define como distribuciones y demás Y eso es lo que está calculando acá ese algoritmo entonces para solamente Añadir habían dos dos formas de hacer ese Random y era el not to be la diferencia."
359.000,417.800,es-us,,,,"Igual salta al hacer ese Rango igual al hacer ese salto aleatorio, lo hace como lo acabo de decir de forma aleatoria. Yo salto al fin allá sin importar sin seguirme en una regla, sino simplemente hago saltos. Hago saltos a los saltos, em, eso sería the Wild pero lo Cómo funcionaría el Note to vector que no sé entender aquí abajo, sí, por aquí el norte, vector es que sí, maneja ciertos valores de probabilidad para hacer esos saltos que definíamos que eran dos uno para poder definir, qué tan cerca quiero estar de los vecinos que están cerca señor, Oh sí me quiero arriesgar a explorar conexiones mucho más lejanas de pronto se ve mejor acá en esta en esta imagen de este video que este mando explica muy bien ese tema también, eh? Los dos términos que yo utilizo de probabilidad son bps Y dfs, ahorita no me acuerdo bien Cuáles son los significados exactos pero"
418.900,478.800,es-us,0.79909,,,"Que representan como las flechas se dan cuenta ahí es imaginen que el vector el nodo de inicio que se usa es este u que aparece acá es donde yo voy a empezar mi Random si el valor de bfs es muy alto más que Comparado con el dfs. Yo voy a intentar encontrar o Navegar en esos nuevos que son cercanos que son pegados a ese nodo original Así que voy a encontrar como los vecinos en este caso supongamos mis mejores amigos, mi círculo mejores amigos más más pequeño y no se extendería a otros mientras si el DF es más alto comparativamente él intentaría encontrar conexiones mucho más lejanas, entonces el amigo de mi amigo de mi amigo de mi amigo y mi amigo hasta donde yo quiera colocarle, básicamente Y de esa manera. Yo defino esos valores de de similitud y hago otra vez el mismo algoritmo que hemos ahorita de de encontrar esa similitud equivalente."
479.000,538.700,es-us,,,,"De reducir ese error lo más positivo eso es la forma en la que funcionaría entonces eso, Para qué funciona después de que tenemos el espacio ya el espacio vectorial donde a los nodos no son nodos, son representaciones vectoriales que son un espejo un equivalente a esas conexiones que se tienen que hay que tener algo en cuenta, esté en verin, qué hacemos acá? Solamente tiene en cuenta las conexiones de los nodos, con quién estoy conectado, pero no me interesa las características de los nodos o las características de los puentes que en algunos otras aplicaciones sí me interesaría por ejemplo, eh? Que de pronto la conexión que yo tengo con esa persona es la distancia y la distancia de pronto sí puede que sea algo importante o el canal de comunicación me comunico con él por correo por WhatsApp en persona y demás Puede que sea algo que también me interese agregar, pero para estos embebidos que estamos viendo en este momento no se considera la única matriz que se usa es el jeansy Matrix siempre tengo problemas."
539.000,598.600,es-us,,,,"Se han de esa esa palabra, pero es la matriz de proximidad, que es con quién estoy conectado, con quién estoy cerca es lo único que que se tiene en cuenta ahí, Para qué me sirve eso para poder hacer, eh, Ya después quizás algunas tareas de Machine learning. Ya no son simplemente grafos aleatorios, eh, No aleatorio, sino conectados así de una forma difícil de entender, sino ya son grafos a los que yo les podría aplicar algún tipo de tarea clusterización o algún tipo de regresión de clasificación de predicción, eso también podríamos hacerlo y eh Podría empezar a armar comunidades que se que se aplica mucho en grafo, Sí eso es lo que yo estoy estudiando entonces en el ejercicio que estamos haciendo nosotros, Porque sería de pronto interesante conocer, qué comunidades hay porque quizás hayan servidores y clientes que sean a los que a mí me interese tener más detalle, digamos para atacar o que sean de pronto el puente para conectar."
599.000,658.700,es-us,0.79650,,,"Otra comunidad O algo parecido Sí porque esta comunidad está conectada con esta comunidad Entonces se atacó primero a esta comunidad, pues ya tendría espacio para atacar, después la otra todas esas sí podrían pasar con ese tipo de aplicaciones Entonces cómo hacemos ese tipo de tareas, eh? Que está representación también lo muestra bastante bien acá como pueden ver, voy a incrementar un poco aparece esta tabla que cada uno de los ítems de la tabla representa una comunidad en la comunidad de Julia de Julia a la comunidad de Alicia a la comunidad de Lisa porque todas son del equipo de Lisa o alguna vaina sí, lo que hace el el detector de comunidad o Community detection es lo que ven en pantalla a pesar de que estén interconectados con los demás, pues hay una relación de pronto más fuerte con con este grupo con sus amigos, lo que sea Pues todos estos azules son amigos de Julio o el equipo Julia o algo así y si se dan cuenta."
659.000,718.800,es-us,0.82294,,,"Diferentes tamaños no significa que todos tengan el mismo número de nodos, podrían tener menos o tener más aquí lo que importa es que están conectados estás, Eh o vamos a ver que hay otras cosas que importan porque hay diferentes tipos de de de detección de comunidades algoritmos para detectar comunidades entonces acá de pronto se ve también en una forma un poco más diferente las diferentes comunidades como pueden ver acá también representan de forma diferente en diferentes grupos también ahorita vamos a ver por ejemplo vamos a hacerlos empezar a hacer las preguntas uno diría bueno Y cuántas comunidades hay niños ya empiezan a mirar no sé tocaba averiguar entonces lo que vamos a hacer acá entonces un algoritmo que podríamos aplicar muy sencillo para entender cómo funciona ese detector de comunidades es ya pasamos de los grafos."
718.900,778.900,es-us,0.85854,,,"Pasamos a este espacio vectorial correcto. Ahora es una representación de dimensiones donde cada uno de los puntos en ese espacio vectorial Es una representación de ese nodo en ese grado y ya lo voy a utilizar como un dato es normal como un un dato acepta donde cada una de las dimensiones de ese espacio vectorial representado la una característica y lo que yo hago es conectarlo, eh? Aplicar un algoritmo en este caso estamos aplicando chemins, que es un algoritmo no supervisor para solo para tener en cuenta, Qué significa un algoritmo, no supervisado, eh? O un modelo de Machine learning, no supervisado es donde yo tengo las características de las instancias con en este caso las instancias serían la representación vectorial de los nodos, pero no tengo las respuestas con"
779.000,838.200,es-us,0.78836,,,"Tú estás Me retiro, a qué grupo pertenece o por ejemplo? Podríamos también hacer un algoritmo supervisado que sería a que si es un atacante o es una víctima, esa podría ser una clasificación binaria, pero ahí ya tendríamos la respuesta porque en realidad nosotros ya tenemos esa respuesta sabemos Quién es el atacante Porque si él envió un mensaje de ataque significa que es atacante, eso es lo que lo que podemos decir ahí, eh, Hola Jonathan bienvenido. Entonces acá lo que estamos haciendo es aplicando este algoritmo No supervisado, simplemente para contar comunidades a partir de qué tan similar son Hola disculpa que nos cogiste en plena en plena explicación y ya podemos aplicarlo directamente no había problema, cómo funciona de pronto el algoritmo o este algoritmo de kimis no separe, eh, No supervisado, sí."
838.900,897.100,es-us,,,,"Sería el crea unos centroides, se llama así que son los puntos redondos que aparecen aquí en esta imagen cada uno de esos puntos redondos representa un centroide y lo que va a hacer es que empieza a encontrar, Se podría decir un punto de equilibrio después si estudiamos un poco más a detalle en los supervisado porque literalmente eso no lo comemos y pasamos directamente a esto de grafos, eh? Se encuentra un punto de equilibrio donde ya no hay Se podría decir traspaso de nodos entre brujos, si no se llega a un punto estable si se dan cuenta, eh? Los centroides tienden a quedar en la mitad de los grupos sí, y en ese punto ya ya se tendría un equilibrio matemáticamente hablando tiene una cosa detrás que Calcula e itera e itera voy moviendo el centro y le voy moviendo el centro y te voy conectando con diferentes puntos Hasta que encuentre ese punto de equilibrio donde ya no hay traspaso de"
898.900,958.800,es-us,0.76475,,,"instancias entre los grupos en este caso ya no hay traspaso de servidores entre las diferentes comunidades eso eso es lo que podríamos decir en palabras de nuestro ejercicio aquí uno ya se empieza a hacer la pregunta, venga y cuántos Como cuántos grupos habrían Es una respuesta que no se tiene porque en realidad es una supervisado no sabemos Cuántas categorías hay no sabemos Cuántos grupos podrían existir eso está metido en una ciencia detrás aquí solamente voy a hacer un brochazo Para que veamos de qué se trata pero para que se entienda un poco como cuando se aplica el modelo de Machine learning con graves que sería cuando ya tienes esto de kimis y quieres empezar a definir Cuántos grupos hay hay algo que se llama inercia o inercia, es una métrica que se puede saber que se puede sacar en ese en ese ejercicio que se hace acá en movimiento inercia, la forma en la que"
959.000,1018.700,es-us,,,,"Entendí Es como su nombre lo dice un poco encuentro ese número de clusters donde ya no haya Tanto Movimiento y tantas desplazamiento Y dónde tampoco llega un punto en el que yo segregue tanto los grupos que básicamente un nodo o si un servidor represente un grupo no quiero llegar a ese punto de crear tantos grupos tan anatómicos literalmente un servidor representa un eh? Un grupo quiero que sean de grupitos, digamos significativos y para eso se utiliza una métrica que se llama inercia, como les comentaba y se saca a través también de una gráfica que se llama, eh? Inercia, versus número de closets. Entonces llegó a empezamos con cinco empezamos con 10 empezamos con 15 empezamos con 20 empezamos con 25 con esos 25 y demás 20 15 y demás Yo calculo Cuál es la inercia, es como les comentaba como ese desplazamiento."
1017.900,1077.900,es-us,0.81069,,,"Matemáticamente podemos entender mejor si quieres abre el micrófono William no sé si quieres explicarlo, no que es algo así como la medida de la diferencia entre los datos originales que uno tiene y los closer a los que fueron asignados, entonces La idea es mi minimizar Esa diferencia sin Digamos como hacer over fitting sobre cada uno de los datos Por decirlo, así sí, sí sí sí sí sí sí, creo que eso sería una palabra correcta Cómo evitar hacer un perfil correcto un de perfil pero en un ejercicio no supervisado me gusta esa explicación como ahí sí, señor. Estoy de acuerdo Entonces siguiendo esa idea. Nosotros, eh? Por regla. Eso lo elegí en los libros y demás a estos este plot que aparece acá se llama elvo porque es un codo literalmente significa co"
1078.000,1137.800,es-us,0.82193,,,"En en inglés y lo que uno quiere buscar es ese punto donde ya hice lo suficiente segregación pero si se agregó más Ya parto demasiado el grupo innecesariamente y no gano suficiente, no, no reduzco significativamente la inercia, porque yo podría seguir partiendo los grupos, pero si se dan cuenta aquí el recorrido de la inercia, sería muy bajo en estos que aparecen aquí como desde el cinco para abajo, entonces literalmente uno quiere el punto donde esté el codo el el ese punto es el número que uno escogería de closets para poder que sea ideal. Eso es una métrica que se usa, eh, Y esa podría ser el número que no definiría en este ejercicio Ah que quiero que sea tantos Pero por qué Porque de pronto ya no hay tanto desplazamiento en el sus, eh? En en ese movimiento y se segrega lo suficientemente bien Entonces eso sería como un ejercicio, no supervisor que"
1138.000,1197.900,es-us,,,,"Que vamos a ver en código, pero Ah bueno, aquí está de hecho lo que les comentaba a veces no se ve así es Está muy así. Funciona en ese que chingó esto sería genial Pero la realidad. Es que a veces no es tan bonito como como en la realidad se ve algo así hasta a veces se ve peor porque parece una línea así larguísima bendice, Dónde está el Boom y el el bus parece que estuviera en un Rango de 20 clusters diferentes, entonces solo para mostrarles que podría ser así de desafiante O podría ser muy sencillo, todavía no sabemos el de nosotros Cuál es porque no nos llega allá solamente hemos hecho la clusterización con un número fijo, pues ya en la siguiente sesión de pronto le ponemos ese elbo y demás, eh? Pero también hay otros algoritmos de clusterización que no dependen de centroides, eso también lo colocó es para que vean que las comunidades se pueden formar de diferentes formas. Voy a colocar otra vez el el ejercicio acá de the Kings que si se dan cuenta los centro."
1198.000,1257.800,es-us,0.81177,,,"Se mueven en la mitad del grupo Ese es el punto donde van a pertenecer porque es como su nombre. Lo dice, es androides. Estoy en el centro de ese grupo y me acerco, estoy yendo suficientemente cerca a todos, Qué limitante tiene esto hay un término, eh? Yo no entendía en la universidad no me gusta tampoco como lo explicaba, pero por ejemplo es el término convexo y no convexo, qué significa eso convexo y no convexo esta imagen lo mismo representa bastante bien eso de entender significa que en una función de cualquier dimensión número de dimensiones, yo puedo conectar dos puntos directamente sin tener que romper la función, por ejemplo, en este convexo. Yo podría pararme en este punto que aparece acá y para el Instituto que aparece acá y trazar una línea y no estaría rompiendo la función pero en esta."
1257.900,1317.400,es-us,0.69495,,,"Convexo Por ejemplo si yo me acuerdo este punto azul y quiero llegar a este punto azul de acá y tras una línea tengo que atravesar por la función dos veces entonces La Roca eso es convexo, no convexo se puede colocar en diferentes dimensiones ahorita de hecho aparecían polígono que ya podría ser otra forma de representar, por ejemplo el mismo ejercicio que sería esta imagen que aparece acá estos convexo Porque en cualquier punto dentro de ese polígono yo puedo Navegar a otro punto dentro del polígono pero en la estrella No si en la estrella ya me paran una de las puntas y quiero saltar a la otra punta tengo que atravesar y romper la función eso es Complex no convexo esto Qué significa porque le estoy diciendo todo esto para Queens y por qué rayos porque kimis es convexo yo si se dan cuenta donde me paro acá yo tengo acceso a todos los puntos que están cerca de ese centroide sin romper es decir Yo puedo básicamente estoy creando círculos burbujas."
1318.000,1377.500,es-us,,,,"Por por decirlo de esta manera, pero dentro de algoritmo que se llama dbs que él permite en curvas cosas que no pensamos ya no estoy, por ejemplo, en este punto acá y quiero atravesar este punto acá, pues tendría que romper el grupo y atravesar toda la mitad porque les digo esto porque hay diferentes formas de armar propiedades, no siempre tienen el mismo comportamiento o siempre yo utilizo, chemins y palante si no depende de lo que yo quiera buscar y el problema que quiera encontrarlo eso es lo que, eh? Perdón, el problema que quiera resolver lo colocó solamente para ese término aquí, cómo funciona este algoritmo. Básicamente tomo un punto de inicio y empezó a agarrarme de la manito con los puntos que estén más cercanos ya no es un centroide moviéndose, sino yo tengo una burbujita de 5 m. Entonces me agarró con las personas que estén cerca de mí solo 5 m y a la vez esas personas agarran con los demás que estén cerca 5 m 5 m 5 m hasta que llegamos a un punto de estabilidad también y también tiene sus."
1378.000,1437.900,es-us,,,,"metricas parecidas al del bou para poder definir qué número de clusters son los que mejor conviene y demás bla bla bla bla pero solo podemos dejar para otra sesión aquí la intención era más mostrarles qué se puede formar diferentes comunidades con diferentes características con el mismo dataset con el mismo conjunto de datos Entonces eso nos lleva a lo siguiente y acá fue donde yo dije Dios mío, estoy haciendo porque no me tienes tú qué ratios Y esta página me gustó mucho pero a la vez no porque explica todos los tipos de algoritmos de detección de comunidades para los eh, los grafos Entonces por ejemplo aquí aparece que estamos utilizando 500 clóset pero aparecen muchos más aparecen muchos más que esto sí me gustó cuando lo leí voy a abrir donde tú los seis primeros que en esta documentación por ejemplo te dice si el algoritmo funciona para grafos que son"
1437.900,1497.800,es-us,,,,"Direccionados Recuerden que direccionados es parecido a como cuando haces referencia de papers hay un paper, eh? Referencia a propaper hay un hay una dirección pero no direccionado significa que yo, por ejemplo la relación con mi mejor amigo es mutua no hay como una dirección de de aquí para allá de allá para acá Entonces por un jefe con un jefe puede haber una relación direccional porque él es un jefe entonces si hay una dirección eso podría pasar entonces acá te dice como que vea este algoritmo que tiene acá le funcionó para direccionado una direccionado la función se tienen relaciones de peso sí es homogéneo esto también como que no significa, eh? Homogéneo heterogéneo significa que hay diferentes tipos de logos en nuestro caso nuestro caso es homogéneo, porque todos son servidores pero si le metiéramos de pronto personas que también son nodos y le metemos de pronto ciudades Porque pueden ser la ubicación dónde está el servidor o algo así que yo ya hay"
1497.900,1557.300,es-us,0.71056,,,"Nos de diferentes tipos Entonces eso ya lo hace heterogéneo y esto heterogéneo, relationships, no sé todavía ni siquiera Qué es ya lo descubriremos, pero lo que me gustó, es que te dice como que veas tú algoritmo por ejemplo, eh, qep d d d d composition no sirve para direccionarlos, eh? Este k1, eh? Colorín si sirve para dicciona, pero no sin más ni tan peso este hecho tengo que leerlo bien, porque acá todos estaban blancos, no sé si es porque hay algo que tiene sentido, es que nosotros estamos usando el de Dios previamente para utilizar kimis de todos estos algoritmos, interactúan directamente con el grado sin tener que hacer una transformación de BBVA entonces puede que esa sea la razón todavía no, no puedo decirlo con certeza, pero me duele que es por ahí, pero te dice como que básicamente que hace cada algoritmo y como, para qué rayos te funciona y en qué momento es mejor utilizar uno sobre otro Entonces por ejemplo."
1558.000,1617.400,es-us,,,,"Vamos a ver una comparación, pero ahí es donde Tú empiezas a comparar a nivel de arquitectura a nivel de cuál es el problema que quiero resolver de Qué recursos, tengo para resolver ese problema, Por ejemplo, te dicen la respuesta del modelo Tiene que ser muy rápida y se tiene que reentrenar al menos en 10 minutos Entonces Quizás tú priorizas un modelo que a pesar de que no tenga la calidad tan alta sea muy rápido, o sea, en párpados tengo eso ya entrenado y vuelvo a empezar o quizás priorizas es la segregación o crisis de hecho, vamos al ejercicio que les quiero mostrar. Entonces aquí están todos los tipos de algoritmos, Eh entonces hay dos que vamos a ver en este momento más más como superficialmente para ver las diferencias para mostrarles que hay diferentes tipos de algoritmos con diferentes comportamientos, entonces hay una que se llama lubian modular que, eh De hecho se llama alubia."
1617.900,1677.800,es-us,0.80810,,,"La métrica que usa es modular y kane Jesús no fórmula matemática que a partir de esa fórmula matemática, lo que hace es empezar a crear esas comunidades donde se maximice esa modularidad que tiene una desventaja Y es que puede conectar comunidades que solamente tienen un puente pequeño, pero que entre ellas están desconectados de hecho ya lo vamos a ver un poco aquí en este tema en los representantes, Qué significa Por ejemplo, yo tengo esta comunidad la hundió solamente este punto de acá, que es el cel, que este no que es el 0 lo unió, pero si se dan cuenta entre estas dos comunidades no hay conexión, no hay una relación entre 2 y 5 no hay una relación entre 3 y 6 pero es porque el algoritmo ya tiene ese comportamiento entonces ahí uno ya empieza a ver leyendo un poco más las matemáticas como Ah tiene esta desventaja tiene esta ventaja, eh? Quizás"
1677.900,1737.700,es-us,0.83078,,,"Esto es más rápido, pero no tiene la calidad, que yo estoy buscando o no segrega las comunidades como necesito que las se agreguen de hecho en esta imagen se ve mejor acá se ve mucho mejor lo que trato de decir es si se dan cuenta estas comunidades no están conectadas solamente a través de este puente Y solo por tener ese no, en la mitad se creó una sola comunidad cuando en realidad podrían ser dos, porque tiene más sentido que sean dos, porque entre ellas no están entre ambas comunidades, no están conectados. Entonces creo más bien, quizás dos comunidades independientes y este podría ser una tercera comunidad o algo que esté aparte un elemento aparte Entonces el lubian tiene esa desventaja de hecho aquí lo dice como tiene la tendencia de conectar comunidades, que no están entre ellas conectadas, pero justamente en este mismo paper hablan de un algoritmo que se llama leyden con minería."
1738.000,1797.700,es-us,,,,"Resuelve un poco el problema que tiene el lobi el detección y usa una métrica que se llama surprise que es básicamente colocarlo así qué sorpresa hay de que ese servidor se encuentre en esa comunidad y eso se calcula con una métrica y lo que buscamos es reducir de pronto esa sorpresa lo mayor posible porque no queremos que un servidor esté en una comunidad que no debería estar porque sí está el cereal como sorprendente básicamente Qué hace ese perro en ese gallinero, si no debería estar ahí Eso es lo que queremos minimizar la sorpresa entonces, eh? Diferentes algoritmos diferentes cualidades este mando aquí lo Explica cómo cada uno con sus ventajas y desventajas y se dan cuenta en contacto Inquietos por suceden todos los links abiertos los estaba Aprendiendo a ver, pero todavía me falta para masticar para para entender por ahora vamos a usar."
1797.900,1857.300,es-us,,,,"Tienes aquí son mucho más hasta ahí tienen dudas o todo bien Recuerden que silencio está bien listo, vamos con código Este es el Notebook ya lo conocíamos un poco es el Notebook que hicimos de exploración aquí miramos como que nos datos queramos el grafo, eh? Miramos Cuántos servidores, habían atacantes, Qué tipo de ataques había, por ejemplo, acá estos son los que atacan y el tipo de ataque que tiene noticia buena ya con esta máquina, podemos correr todo ya ya no sufre el computador sino ya se demora pero, eh? Tampoco es tan grave. Veamos Cuáles eran las víctimas y las víctimas colaterales un montón de cosas que seamos un plot y demás Pero al final, eh? Lo que quería mostrarles de todo. Esto es que"
1857.900,1917.800,es-us,,,,"Se guardaba ese grado, se guardaba esa información en un archivo, eso también se puede guardar porque lo guardamos en información en ese archivo, Porque después hacíamos diferentes métodos embebidos y por aquí vamos a ver lo que lo que se han preguntado de del rendimiento de la gpu de hecho va a estar interesante esta de acá, em qué teníamos los dos tipos de algoritmos de medios uno que era Note vector y el otro que era Dead justamente los que hablamos al principio de esta sesión va a empezar con el del deepwalk porque es el más ligero de hecho es un llamó la atención tiende a ser más ligero que el de lo tu vector cosa que tiene sentido porque el de Note to vector Recuerden que tiene que calcular probabilidades hacia cuál siente nodo me voy a lanzar dependiendo de estos dos hiperparametros que son, eh? El pfs y el dfs entonces, eh? Quizás por eso computacionalmente esto tiene que hacer más esfuerzo pero"
1918.000,1972.100,es-us,,,,"Por ahora vamos a empezar a tener un equipo ejecutar estas primeras tres celdas para que así, porque si es así no sé, me arreglo fácil, Sí este archivo se genera a partir de ahora ejecutó. Esto rápido es que estuve saltando lo que viene en pantalla, es estoy conectado en la parte."
1977.900,2036.600,es-us,0.51716,,,"Exactamente para hacer un truco aquí recompensamos esto lo tenemos por aquí la carpeta a ver si tenemos suerte de ir a joder No hace tiempo descargarlo en un segundo nada más muchachos yo creo que ustedes quieren más técnicos y si la tengo es mucha información y me tocaba meter algún comprimido la razón por la que la metí con premios que había tanta información que siempre está va a pedir que si el virus que no sé qué y listo."
2037.000,2096.600,es-us,0.65513,,,"Comprimimos y lo ejecutamos haciendo es porque los repositorios de gamecom tienen un límite de de tamaño estos archivos eran para pesados, porque tienen tanta información que si se subía todo al repositorio estallado de hecho en el repositorio, lo que van a ver es solamente el comprimido no van a ver, eh? Todos los datos, sino por comprenderlo cuando ya estén en ese repositorio, pues estoy colocamos extensiones, pero es porque pesaba mucho, pero no la hay un tiempito y esperamos aquí, pues vamos borrando esto acá nos sobra, nos vemos la velocidad con la que puede ejecutar este tipo de cosas que esto es magnífica, no sé descargas Aquí está bien lo que queremos hacer es meterlo aquí."
2097.000,2122.700,es-us,0.40678,,," Arriba y aquí le hacemos el proyecto, digamos ver esta versión Aquí está muy bien Okay creo que está repetido esto ya está, preciso tiene el mismo nombre."
2124.000,2178.600,es-us,0.67571,,,"Ahora sí tiramos el proyecto para que la toda la información vea la velocidad con la que yo ya Lee estos archivos es impresionante se demoraba un cuerpo leyendo solo los siete aquí se hace un clic derecho. Yo creo que la parte en la que se demora es antes de los plots hacer los plots, eso vendría siendo por aquí, digamos que ejecute todo De aquí para arriba de aquí para arriba todo lo que está arriba. Ejecute no queremos hacer los plots, si no queremos solamente guardar el archivo y ya nos tiramos a los embebidos y ahora sí retomamos debería demorar mucho."
2184.000,2243.600,es-us,0.37823,,,"hasta aquí hemos explicado esto aquí obvio grafos Y entonces estamos acá Apenas terminé y ya saltamos a la parte que lo guardamos el archivo porque nos vamos a empezar entonces Mientras tanto les explicó que"
2244.000,2303.500,es-us,0.78445,,,"Que que vamos a ver acá en el Deep web Entonces el Debut eh, Ya lo hemos visto también la sesión anterior y aquí este train que se ve acá con este look, básicamente lo que hace es lo que vemos en la fórmula ahorita en este en el browser era Quiero encontrar el valor más pequeño, si yo comparo la solicitud de esos dos vectores generados que representan cada uno uno de los nodos y la similitud que encuentro con el Random Walter Eh Al momento de hacer el Random White sobre el sobre el grado hecho por aquí está la formulita. Entonces acá sí, Para poder hacer esa representación vectorial de los nodos, vamos, yo creo que está ejecutando bien. Creo que ya terminó sí saltemos a lo último es donde está el guarda."
2303.900,2363.500,es-us,0.77864,,,"Pero entonces lo que quiero mostrarles acá es hay una variable o un argumento de entrada que que hace parte del algoritmo que se nos que viene del objeto que se llama noctur vector pero que si se dan cuenta no tiene esas variables de probabilidad para saltos, sino que hace el Salto de forma Random cuando tú cargas los datos de los puentes que es el grafo y se dan cuenta solamente estamos usando los puentes porque los puentes porque Recuerden que esto solamente usa la conexión de los grafos no me interesa las características de los puentes ni las características de los nuevos solamente con quién estás conectado y acá yo puedo definir el batch size que es tamaño del batch con el que yo puedo hacer ese entrenamiento que es lo que les comentaba en vez de utilizar el dato a ser completo lo que hago es utilizar Machos entonces en grupos."
2363.900,2423.500,es-us,0.69180,,,"A ver si ya lo creo stop yo aquí haciendo tiempo y todo es que no eran disciplinarios que los archivos archivo pendejada lo que quiero mostrarles es como este sí, generador consumo gpu. Bueno, Mientras tanto les muestro Cómo ver el consumo de la gpu. Si alguien sabe una mejor que no esté instalando una aplicación que no me siento con esta misma aplicación genial, pero en la consola ustedes pueden colocar este Comando que es este acá nvidia rayita, smi, rayita 10 y esto es lo que va a hacer es cada 10 segundos y refrescando ir imprimiendo el consumo de la ppu. Se vería algo así, entonces te dice Como qué procesos están corriendo en este caso estamos corriendo python, que sería el único asociado y aquí Este 0% es el 0% que representa no estás usando absolutamente."
2423.900,2483.200,es-us,0.49811,,,"Y con eso pues ver si las personas no Qué pasa en el administrador de tareas, no aparece esto que aparece acá es mentira esto como que no está conectado, no lo lee y ya si se lee pronto no sé cómo todavía, eh? Saber usted me está haciendo quedar. Desarmamos, no sé que está pasando ahí, no sé para que sea se me hizo que crees poderosos y por ahí perdido esto quizás aquí el sincronizo se llama sincronizo Ya se está generando yo dependiendo la hora de borrado en algún momento, no?"
2483.900,2543.800,es-us,0.67030,,,"Para qué hacemos con la demo que tenía preparado en 2 minutos más, si no salen 2 minutos, pues saltamos y les quedó viendo esta presentación lo que vamos a hacer acá porque se veía como el consumo de la gente y demás, ahí no sé qué pasó. Espera Más bien, es un usuario banco permiso. Voy a colocarlo justo aquí después de esto posible que otra vez se ejecute todo esto de aquí para arriba, a ver cómo nos va, se va a demorar un rato, pero tengo que hacer el último sencillo con esto Sale ya saltamos otra cosa, pero entonces también aquí curiosamente el Deep Walk como"
2544.000,2603.400,es-us,,,,"Funciona muy rápido mientras el norte vector se demora toma mucho tiempo porque me imagino que tiene que ser más cálculos aquí en ambos casos está utilizando la gpu Y a eso me lleva el dato que les iba a mostrar unas de acá yo la vez pasada estaba convencido de que cualquiera que le tires a la gpu te va a correr más rápido, pues no es verdad Esto no es verdad del todo, eh? De pronto esta gráficas pueden ayudar a explicarlo Aunque aquí no sería número de datos, sino quizás número de operaciones, pero la Gráfica sería parecida no está, no es la Gráfica versus porque en alguna que yo lo encontré fue como al pasillo yo lo encontré y eso fue en un este."
2604.000,2663.900,es-us,,,,"En este post fue que lo encontré y este hermano es el piloto que creo que es el mismo básicamente todo bien, pero no lo que le entendí mal o en la Gráfica que yo vi que creo que es otra. Sí no sé, creo que eso, eh, Para operaciones que son pequeñas la cpu. Funciona mejor es más rápido para operaciones que son que son muchas operaciones en paralelo, la gpu va mejor, pero eso pasa lo que acá acabo de comentar pasa, porque la cpu es como un cuello de botella, que asigna a la gpu, todas las operaciones que tiene que hacer Entonces cuando son pequeñas operaciones, se demora más la cpu asignando que la gpu resolviendo, pero la cpu en esa asignación equivalentemente a si yo usaría la cpu directamente es más rápida. Entonces hay algoritmos en los que o si el modelo es pequeñito cpu mejor."
2664.000,2723.800,es-us,,,,"La gpu, pues son un poco, no no sería mandatorio obligatorio de estas. Eso va a tocar como yo siento que estoy seguro. Yo sí, Dame última intento ya así con esto no funcionamos acá terminamos acá que se reinicié porque está todo un poco loco, Sí ya con eso no funciona, pues ya ahora sí nos damos por rendimientos. Vámonos a la parte donde está justo acá le decimos que todo lo que esté arriba y ahora sí lo hicimos listo, entonces esa era como el comentario Se podría último porque ya sacamos comentarios, si no funciona pues ya triste Mientras tanto, hablamos de esto saltamos eso."
2723.900,2783.800,es-us,0.76631,,,"Tener que esperar tanto esto también es como una introducción es un abrebocas, hay otras formas en las que ya también se puede sacar una embebido o una representación de ese grado que sí puede incluir, no solamente las conexiones, sino propiedades que tenga tanto en grafo como los nodos como los puentes entonces, eh? Aquí en la representación muy sencilla de cómo eso funciona esta es una representación sencilla de lo que sería la neural tenemos un grafo que es una representación del layer acá los layers serían la misma representación de gramos de hecho. Esto se entiende mejor en esta imagen aquí el input si se dan cuenta de los layers tienen la misma representación de grafo a nivel de su conexión y su orden y demás pero a través de cada una de las de las capas de las de los layers va sacando datos o va asignando o transformando ese dato a a una salida de Pineda por ejemplo, Supongo que"
2783.900,2843.800,es-us,,,,"Solidaridad es el mismo grafo, pero cada uno de los grafos tiene un Target que es si es benigno o si es un atacante si es una víctima de atacante entonces lo que va pasando Es que yo tengo la entrada la entrada son todas las propiedades que tienen mis grafos mis nodos y demás mis Fuentes y demás y a través de los layers. Yo voy transformando esos datos como una red neuronal, que ya conocemos hasta que le meto la entrada me entrega la salida y esos Cómo funcionaría la clasificación de los modelos supervisados funcionaría de esa manera a partir de la entrada, puedes meter a la salida entonces que la molécula tiene esta conexión propiedad, No sé qué ta ta ta ta ta listo está molécula o este tiene una carga positiva negativa estoy diciendo cualquier burrada pero para que se entienda, eh? Que los servidores están conectados de esta manera y hay una comunicación aquí entre este y este y este entonces estos van a ser atacados Estos son víctimas. Eso podría funcionar así de esa manera como cómo sería el nivel de de la ranura Pero entonces eso se puede."
2843.900,2903.900,es-us,0.80383,,,"En tres componentes diferentes lo que sería el grafo global, lo que sería B que Recuerden que la B Son vertex, son nodos al final y lo que sería la e que sería x que sean puentes Entonces todos ellos pasan a través de una función que la función es está la función sf, que aparece acá es básicamente la transformación que se va haciendo en diferentes Campos eso es la función Pero entonces uno puede extender eso a algo más que es ahí donde me pareció genial, cuando lo aprendí yo Esto está brutal este será que ya terminó es que siento que se está como duplicando más de ra hay como dos veces el retrocesos en otro lugar."
2902.900,2962.300,es-us,,,,"Extensión Sí si es que mira que aparece como por allá abajo, pero por aquí arriba aparece que si ejecuto hasta ese punto donde está la línea ejecución de 0 aparece duplicado me toca arreglarlo de repente porque se ve bien ya, ya ahora sí debería existir acá el código de una vez para maestra es la idea voy a saltar otra vez a ver Touch pero sí porque antes vamos a ver bien, sí va a saltar primero terminar de explicar esto y luego saltamos otra vez a este ejercicio del medio que estamos haciendo entonces."
2963.000,3022.800,es-us,,,,"Tú puedes representar todos los todos los eh? Nodos todos los puentes y demás y pasarlos a través de una de diferentes capas de neuronas para hacer diferentes transformaciones y al final pues estás Ajustando haces el ajuste lo que hemos visto alrededor de la normal, es cuando el precio del carro, pues que el precio de carro calculaba que tanto la estás embarrando con el precio real y el precio que predice a través de eso calcula el error y sumas el error total de todas las salidas y lo que quieres hacer es minimizar ese error misma idea acá es muy parecido, eh? Simplemente que se segrega en diferentes matrices que viene siendo la u es el grafo completo, eh? La B los nodos elen los puentes Pero qué pasa si yo quiero combinar información entre los nodos y los puentes porque sé que ambos son relevantes para calcular algún dato en específico, entonces aquí Bueno aquí está haciendo lo que les comentaba, eh? Que es como clasifican se hace una práctica que se llama bullying."
3023.000,3082.400,es-us,0.73867,,,"Eso me pareció genial cambie cuando lo leí de hecho para que estaba acá Julio es básicamente como resumir información de una dimensión de nodos, por ejemplo a puentes o al revés resumir una información de puentes a nox, voy a colocar el ejercicio con el que lo entendí mejor que es por ejemplo, si yo quiero resumir esta información que tiene este nodo de acá, que ese nodo tiene características ese no puede que tenga en nuestro caso tipo de servidor, eh? Tipo de antivirus, un montón de cosas, pero que son propias del nodo, pero yo quiero resumir la información de los puentes con este con este otro servidor se conecta de esta manera con este de otra manera con diferentes canales características, lo que yo puedo hacer es sacar un resumen que es Yo calculo los puentes y esos puentes sacó un resumen y puedo hacer una agregación que puede ser una sumatoria Yo calculo este puente que está acá y este puente que está acá lo sumo Y esa ese resultado de la suma va a ser una representación."
3083.000,3142.800,es-us,,,,"Adicional como unas características nuevas de este nodo que existe acá y hago lo mismo con los demás, entonces este nuevo que está acá lo que yo hago es mirar este puente que tiene este puente que tiene este puente que tiene lo sumo o los le sacó el promedio o le sacó alguna fórmula o cálculo al máximo cálculo el mínimo y esos resultados los agregó como si fueran una característica adicional de eso es lo que lo que lo que está pasando ahí y puedo hacer la inversa Puedo saltar de lo que son los los nodos Puedo saltar a una representación de los puentes haciendo también una, eh? Una transformación de puré de agregación Entonces si se dan cuenta acá se ve lo que les acabo de comentar los los puentes la matriz cara de puentes a través de un pool se convierte en características adicionales que tiene el los nodos y después ahí sí aplico toda la función este si ella sería"
3143.000,3202.700,es-us,0.68994,,,"La representación de esta función que aparece acá que señala las diferentes capas tra tra. Tra. Tra. Tra. Tra. Tra tra y puedo hacerla acá están diciendo después pasar también de vectores de Vértiz de dos a puentes y algún público y hago la misma vaina y si se dan cuenta acá yo lo que estoy detectando son características de los puentes esto es un digamos que los rojos son ataques los azules son comunicación benigna en el ejercicio que estamos haciendo Y también puedes hacer lo mismo con el grado, entonces puedes saltar de la representación de los dos hacer un Pull y hacer una representación de krapohl y mira aquí es lo que yo les decía que son diferentes bloques bla bla bla después puedes hacer todo todo eso, eh? También hay un término que se llamaba fácil Messenger si quieren Este sí lo tocamos la última sesión o para no confundir, pero es otra forma también de agregar información y básicamente a partir de esas de esas diferentes capas yo estoy compartiendo información de las conexiones."
3202.900,3262.700,es-us,0.79872,,,"Las conexiones es decir cuando yo hago ese Pull in directo yo solo me comunico con mis más próximos mis más cercanos mi mejor amigo mis mejores amigos, pero ya cuando voy agregando esas capas esas capas Ya sé que voy a tener información que mi amigo supo de su otro amigo porque ya sé compartió información Se va a trasladar, lo van pasando ese mensaje Y de esa manera, ya se va compartiendo la información y se va a poder, se va logrando hacer este tipo de tareas con más información relevante no solamente conexiones, sino ya se dan cuenta que podemos utilizar características de los nuevos características de los puentes en general y con esa información, pues ya podemos hacer predicciones o cosas más robustas más más completas esta misma idea. Pónganle nosotros ya lo hemos visto en autores, Ya lo hemos visto esta misma idea se podría aplicar un orden correcto. Tienes la entrada que es un"
3262.900,3321.900,es-us,0.73292,,,"La salida que es el mismo grafo con las mismas características, quieres encontrar lo que está en la mitad y ahorita vamos a ver que esto se puede extender a mucho más va a estar bacano, eh? Déjemelo un poco acá porque está acá Entonces lo vamos a dejar hasta ahí ya después aprendemos un poco más de este envío de mensajes y demás y terminamos de leer como este documento que es el mejor que hemos encontrado que entender el tema, ahora saltemos a la democracia, cambiamos el chip. Ya no estamos en en grafo neural the words, si no estamos en en bebidas, otra vez lo que yo les quería Mostrar era aquí estamos usando cuda. Si se dan cuenta ya la detectó, estamos utilizando pythor, que es un pictures, eh? Geometric Para poder sacar todos los datos, vamos a empezar con el beagle, vamos a ejecutarlo, no puede ser. Le faltan todavía cosas por instalar solamente un segundo Es que me puse me puse a molestar con"
3322.900,3381.000,es-us,,,,"Con está utilizando esto en una máquina Linux que tenía en el computador porque la dependencia era mejor, pero parece que fue una pesadilla que no le saqué tanto provecho como pensado, pero bueno, así se aprende que tengo que instalar pythin Y esto es creo que se está se supone que ya lo vería Cómo instalar, no sé porque ya está perfecto Aquí ya está instalando, vamos a ver si no, no nos tira para que me metas estás Estás debería llevarlo otra vez."
3383.000,3394.700,es-us,0.29667,,," Tengo que rompí que no sé qué es Pues quedó viendo la la de muchachos."
3407.900,3465.400,es-us,,,,"Entonces estaba esto acá porque esta sílaba como bien estamos utilizando pips. Sí seis Sí o sea hay que romperlos la próxima la próxima Saludos pero lo que les quería Mostrar es que es más rápido y si le gustas este este valor de acá, puedes utilizar más o menos gpu más o menos gpu más o menos gpu, pero bueno, ahorita sale más la próxima se las dejo muchachos empezamos con ese ejercicio la próxima semana listo, entonces saltemos de pronto ya un poco más al ejercicio de clusterización, Ojalá no me falte porque está la segunda vez."
3467.900,3527.300,es-us,,,,"Industrializaciones ya saltamos al otro entonces Acá está todos los algoritmos y el resultado seguramente que se puedan utilizar para los que las condiciones que necesitamos actualmente tenemos un grafo que tiene dirección, eh? Y que son mujeres, eh? Y que posiblemente tenga peso en el futuro esto es posible entonces no es mandatorio por ahora estos algoritmos que están acá está lista que viene de está lista que está acá son los que cumplen con estas condiciones que nosotros podríamos utilizar por ahora Solamente vamos a utilizar el de kimis aunque no está en la lista, eh? Porque es porque vamos a utilizar con el embebido que Recuerden que es lo que acabamos de hacer hace un momento Entonces acá es simplemente Tan sencillo como que lees el documento que tiene la información del grafo embebido que de hecho acá es el nocturna vector que vendría de este Notebook que no funcionó pero esa sería la salida este no tuve vector."
3528.000,3587.900,es-us,0.71399,,,"Eh, lo que haces es cargarlo en la cpu, porque también lo quería hacer la gpu y explorando que no les acaba provecho porque no era tan grande. Ya vamos ahora, a qué me refiero no eran tantos nodos. Entonces creas skillings con skiller, eh? Acá el número de clóset va a ser 100 porque 100 porque sí, ya sabemos que esto viene con él y con ese inercia, y demás y las cosas que tenemos parece mejor hacemos fit. Aquí nos entrega una lista de números que cada número representa un grupo Entonces el grupo 78, el grupo 64, el grupo 54, Qué son los que están cerca a través de las conexiones, acá podemos verlo, quizás sea mejor se lo devuelven en la lista. Se ve más amable, Sí sería algo, así se ve con el np porque es la librería del núcleo y son números ya después yo los podría agrupar normalmente ustedes Entonces cómo sabemos que son."
3588.000,3647.400,es-us,0.67228,,,"Los mismos porque acá tenemos 19.129 servidores Y si vamos a la exploración de los datos a nuestro programa cepillos miren que aquí aparece aquí de pronto no sé si sea muy chiquito, pero 19.129 y cada una de estos tiene el IP pará pará pará pará pará pará pará pará pará pará pará pará pará pará pará entonces cada uno de estos está relacionado con cada uno de estos ítems de acá ya después yo podría agruparlos meterle colores hacer un closet que se ve así de color podemos habitar en este caso el ositos que se mueva etcétera etcétera utilizando químicos y así de sencillo sería hacer el primer ejercicio de grafos con pasión preguntas o todavía no como silencios Bien listo. Recuerden que pueden interrumpir porque, o sea yo."
3647.000,3706.900,es-us,0.82510,,,"Y y no me cayó y cómo lo tengo a la vista, listo, listo, listo, listo, perfecto muchachos Entonces por ahora en grafo, lo vamos a dejar hasta ahí, qué seguiría que ya con esto termino porque me están esperando, me tengo que ir encontré algo, que es un limitante para lo que queremos hacer y eso ya lo vamos descubriendo, eh? Por aquí también en la exploración de los datos Y es que hay muy pocos atacantes, los atacantes son mínimos son pequeños y quizás nosotros quisiéramos duplicarlos o tener al menos un pequeño ejército sería chévere, pero para hacer ese pequeño ejército, Dónde están los atacantes arriba, listo víctimas víctimas y por aquí atacantes, ponle. Tú Tenemos 11, si no está mal, no tenemos mucho más Si tenemos 10 o sea."
3707.000,3766.500,es-us,0.78091,,,"Muy pocos y hay uno que casi hace todo el trabajo, que es este de acá es el que tira más ataques el resto son bots y este es un Bot con infiltración y ya la idea sería crear más atacantes Cómo podemos lograr eso y que también el ataque sea realista parezca real, que no sea un ataque x, lo hacemos con auditores, que es a la parte que también estemos hablando a hacer porque lo he hecho solo una vez esta Va a ser la segunda y va a estar muy chévere, el autor también te permite a tirar datos, no solamente hacer la anomalía de texto que ya conocemos sino un montón de cosas, sino también te permite generar datos a partir de datos reales que son parecidos a los datos a los datos reales con lo que lo entrenaste Y eso se hace con un algoritmo con un arquitectura que se llama generador discriminador. Esto se usa mucho para el Dif y tú dices quiero generar la cara de alguien falso, pero quiero que sea muy realista."
3767.000,3826.500,es-us,0.68601,,,"Lo que hicieron básicamente es que crearon un algoritmo que valía cada cada caras reales o caras falsas, te dice como que esa cara es falsa esa cara es real esa cara es falsa esa cara es real. Lo entrenaron muy bien 98% de precisión 99.5% de 3 así algo así y luego crear un modelo generativo que lo hicieron a través de los autores o también hay unos que se llaman Constitución eso también y hay otros otros más, pero vamos a utilizar otro encoder porque ya ya conocemos un poco de ese tema y podemos engancharnos. Además fácilmente, pero lo que hace es que generas una cara y al principio es horrible, es un mamarracho Y antes que nada te dice eso está entonces después el generador vuelve a ajustar sus parámetros y vuelve a generar Pero él dice que no le dice eso todo está mal y él otra vez vuelve a generar hasta que genera tan buenos tan buenas caras que vence al discriminador es decir, le gana y estás caras quedan reales. Yo diría."
3826.900,3886.800,es-us,0.81159,,,"Me mandas una foto de estas estas son agentes de Estados Unidos evidentemente, pero seguramente reales este se llama Josh Entonces eso es lo que vamos a hacer para poder generar ataques reales o que parezcan reales y de esa manera generar servidores que también parezcan que atacaron de forma real y tendremos a un pequeño ejército real con acciones y ataques que parezcan reales, cómo vamos a entrenar eso? Pues con los ataques tenemos la información de los ataques, eh? Entrenamos un discriminador que que Define si es un ataque de Voto o no y con base a eso hacemos un generador que va generando ese tráfico muy parecido y generamos dato reales, eh? Lo extendemos por ahí y ya y ya esa sería como la tarea seguir. Si alguien tiene ideas, le va súper bienvenida, es la idea y ahorita estoy pues."
3886.900,3946.100,es-us,0.87383,,,"Estoy haciendo este montón de cosas, pero siempre les digo como qué fase tiene ideas es la forma de aprender, hay uno que otro me escribe y compartimos ideas, pero por favor, siéntanse en la libertad de copiar todos los repositorios moverlos no picarlos hacer preguntas eso a mí me ha enseñado muchísimo muchísimo muchísimo y esa es la meta al final si ustedes se dan cuenta aquí esto es gratis es no hay nada pago, pero es porque lo que detrás es aprender y me incluyo cuando a mí me toca me toca hacer esto y montar esto y investigar esto y explicarlo al final lo estoy entendiendo y sé que en cualquier momento cuando quiera montar algo, así lo voy a hacer fácil, porque ya lo sé, ya sé cómo funciona y hago proyectos que me gustan de hecho Ahí ya con esta máquina se han desbloqueado muchas puertas que estaban cerradas ya ahorita."
3946.900,4006.800,es-us,0.68260,,,"Les presento a coraje, dónde está? No sé si ustedes vieron creo que no sé si lo veían este mensaje que aparece acá M M Medellín Machine learning, Studio coraje Jorge Quién es Jorge va a ser nuestro Bot al que le vamos a hacer preguntas y se va a entrenar con la información de las reuniones de este mal, pues eventualmente nos va a preguntar, venga y esto empieza quizás le responda algo relacionado a lo que hemos estado estudiando, pero pues haciendo proyectos reales es cómo he aprendido O sea no hay otra por lo que sea un ejercicio Incluso se puede hacer algo que le facture en el futuro yo cuando por ejemplo creo que también les he explicado yo saco información de bienes raíces y yo espero que esté en el futuro me dé plata, la verdad no lo hago tampoco por el amor al arte, sino de hecho ya les muestro ya hay, eh? 270,000 registros de de propiedades a la venta creo."
4007.000,4059.900,es-us,,,,"De hace año y medio y aquí tengo oficinas, tengo fincas. Tengo apartamentos casas en Medellín en Cali porque ya lo extendí Pero cómo logré esto y Aprendí todo esto pues haciendo un ejercicio real que ahorita, Ojalá le saqué provecho del plata porque me metí mera endeudado para comprar Así que y también hijo de puta un asco, porque también me salió la moto Yo pensé que la moto no me iba a salir y me salió y con la plata de la moto iba a comprar el computador terminarlo de pagar para no quedar endeudar, pues me salieron las dos bypass y ahora estoy doblemente endeudado la china Pero bueno nada muchachos Eso era lo que les quería compartir Entonces si tiene preguntas o ya me dejaste aquí que ya me están esperando todo bien."
4067.000,4085.700,es-us,,,,"No chicos bacano, gracias, eh, Sí falta mañana sí comparto los repos y otra vez que ha sido una semana movida hace un mes hoy y nos vemos dentro de ocho días, listo, Gracias gracias, gracias, chao."